<?xml version='1.0'?>
<home version='6400' exportFlags='17' name='Local commercial-2.sh3d' camera='topCamera' wallHeight='250.0'>
  <environment groundColor='00A8A8A8' skyColor='00CCE4FC' lightColor='00D0D0D0'/>
  <observerCamera attribute='observerCamera' lens='PINHOLE' x='1486.1531' y='-277.73767' z='192.0' yaw='4.918176' pitch='0.33134955' fieldOfView='1.0995575' time='1603022400000'/>
  <camera attribute='topCamera' lens='PINHOLE' x='1104.5164' y='1773.0695' z='615.8131' yaw='3.0465927' pitch='0.26579633' fieldOfView='1.0995575' time='1603022400000'/>
  <doorOrWindow catalogId='Siath#emergencyGlassDoubleDoor' name='Double porte' creator='Siath' model='1/emergencyGlassDoubleDoor.obj' x='571.55005' y='316.56976' angle='3.1415927' width='219.1' depth='7.50075' height='210.0' modelSize='53703' movable='false' cutOutShape='M0,0 v1 h1 v-1 z' wallCutOutOnBothSides='true'/>
  <doorOrWindow catalogId='Scopia#window_2x1_with_sliders' name='Porte-fenêtre coulissante' creator='Scopia' model='3/window_2x1_with_sliders.obj' x='775.1' y='316.56976' elevation='11.0' width='188.0' depth='7.50075' height='218.0' modelSize='18814' movable='false' cutOutShape='M0,0 v1 h1 v-1 z' wallCutOutOnBothSides='true'/>
  <doorOrWindow catalogId='Scopia#window_2x1_with_sliders' name='Porte-fenêtre coulissante' creator='Scopia' model='3/window_2x1_with_sliders.obj' x='963.1' y='316.56976' elevation='11.0' angle='3.1415927' width='188.0' depth='7.50075' height='218.0' modelSize='18814' movable='false' cutOutShape='M0,0 v1 h1 v-1 z' wallCutOutOnBothSides='true'/>
  <doorOrWindow catalogId='Scopia#window_2x1_with_sliders' name='Porte-fenêtre coulissante' creator='Scopia' model='3/window_2x1_with_sliders.obj' x='1151.1' y='316.56976' elevation='11.0' width='188.0' depth='7.50075' height='218.0' modelSize='18814' movable='false' cutOutShape='M0,0 v1 h1 v-1 z' wallCutOutOnBothSides='true'/>
  <doorOrWindow catalogId='Scopia#window_2x1_with_sliders' name='Porte-fenêtre coulissante' creator='Scopia' model='3/window_2x1_with_sliders.obj' x='1312.0' y='316.56976' elevation='11.0' angle='3.1415927' width='188.0' depth='7.50075' height='218.0' modelSize='18814' movable='false' cutOutShape='M0,0 v1 h1 v-1 z' wallCutOutOnBothSides='true'/>
  <pieceOfFurniture catalogId='eTeks#washbasin' name='Lavabo' creator='eTeks' model='5/washbasin.obj' x='581.334' y='-309.26425' angle='0.7853982' width='56.0' depth='47.0' height='97.0' modelSize='239991' movable='false'/>
  <pieceOfFurniture catalogId='eTeks#toiletUnit' name='WC' creator='eTeks' model='7/toiletUnit.obj' x='506.0' y='-305.68024' width='40.0' depth='80.0' height='62.0' modelSize='125874' movable='false'/>
  <doorOrWindow catalogId='Scopia#door' name='Porte' creator='Scopia' model='9/door.obj' x='524.0' y='-110.53008' angle='3.1415927' width='96.0' depth='17.50075' height='210.0' modelSize='147289' movable='false' cutOutShape='M0,0 v1 h1 v-1 z' wallCutOutOnBothSides='true'/>
  <pieceOfFurniture catalogId='Dingenskirchen#pinewoodRackMediumHeight' name='Rack en pin hauteur moyenne' creator='Dingenskirchen' model='11/pinewoodRackMediumHeight.obj' x='482.34998' y='-390.58026' angle='4.712389' width='89.8' depth='30.2' height='143.0' modelSize='33745'/>
  <pieceOfFurniture catalogId='Dingenskirchen#pinewoodRackMediumHeight' name='Rack en pin hauteur moyenne' creator='Dingenskirchen' model='11/pinewoodRackMediumHeight.obj' x='578.9' y='-420.58026' width='89.8' depth='30.2' height='143.0' modelSize='33745'/>
  <pieceOfFurniture catalogId='Kator Legaz#oriental-rug' name='Tapis oriental' creator='Kator Legaz' model='13/oriental-rug.obj' x='804.30005' y='-13.240433' width='162.0' depth='248.0' height='2.5' modelSize='124610'/>
  <pieceOfFurniture catalogId='Pastierovic#bike' name='Vélo' creator='Robert Pastierovic' model='15/bike.obj' x='787.25' y='372.55957' angle='1.5707964' width='54.5' depth='159.1' height='94.2' modelRotation='0 0 1 0 1 0 -1 0 0' modelSize='132573'/>
  <pieceOfFurniture catalogId='Reallusion#female02' name='Femme' creator='Reallusion' model='17/female02.obj' x='566.5' y='201.60957' angle='3.6651914' width='53.0' depth='45.2' height='168.2' modelSize='1149792'/>
  <pieceOfFurniture catalogId='Kator Legaz#full-bookcase' name='Bibliothèque fournie' creator='Kator Legaz' model='19/full-bookcase.obj' x='714.6' y='180.35957' angle='4.712389' width='89.8' depth='34.7' height='221.0' modelSize='274110'/>
  <pieceOfFurniture catalogId='Kator Legaz#full-bookcase' name='Bibliothèque fournie' creator='Kator Legaz' model='19/full-bookcase.obj' x='714.6' y='267.91937' angle='4.712389' width='89.8' depth='34.7' height='221.0' modelSize='274110'/>
  <pieceOfFurniture catalogId='Kator Legaz#full-bookcase' name='Bibliothèque fournie' creator='Kator Legaz' model='19/full-bookcase.obj' x='678.25' y='-207.24043' width='106.0' depth='37.0' height='221.0' modelSize='274110'/>
  <pieceOfFurniture catalogId='eTeks#dresser' name='Dressoir' creator='eTeks' model='21/dresser.obj' x='1374.75' y='87.75957' angle='1.5707964' width='170.0' depth='50.0' height='64.7' modelSize='22106'/>
  <pieceOfFurniture catalogId='Blend Swap CC-BY#bookcase' name='Bibliothèque' creator='Gerardbelnder' model='23/bookcase.obj' x='1381.5999' y='-80.44043' angle='1.5707964' width='166.4' depth='33.1' height='186.4' modelSize='93164'/>
  <pieceOfFurniture catalogId='Blend Swap CC-0#augalas' name='Plante' creator='MZiemys' model='25/augalas.obj' x='1016.44995' y='-74.63062' elevation='75.0' width='60.9' depth='34.9' height='31.5' modelSize='692668'/>
  <pieceOfFurniture catalogId='Scopia#table-with-leaning-feet' name='Table' creator='Scopia' model='27/table-with-leaning-feet.obj' x='1013.0' y='-73.49043' width='70.0' depth='71.0' height='75.0' modelSize='120504'/>
  <pieceOfFurniture catalogId='Geantick#curtain' name='Rideau' creator='Geantick' model='29/rideau.obj' x='733.5' y='301.3194' elevation='8.0' angle='3.1415927' width='67.0' depth='23.0' height='225.0' modelSize='59896'/>
  <pieceOfFurniture catalogId='Geantick#curtain' name='Rideau' creator='Geantick' model='29/rideau.obj' x='1252.25' y='301.31976' elevation='8.0' width='67.0' depth='23.0' height='225.0' modelSize='59896'/>
  <pieceOfFurniture catalogId='Geantick#curtain' name='Rideau' creator='Geantick' model='29/rideau.obj' x='937.5' y='301.3194' elevation='8.0' width='67.0' depth='23.0' height='225.0' modelSize='59896'/>
  <pieceOfFurniture catalogId='Kator Legaz#coffee-mug' name='Tasse' creator='Kator Legaz' model='31/coffee-mug.obj' x='1303.9' y='-246.69043' elevation='64.7' width='11.8' depth='16.6' height='15.0' modelSize='116642'/>
  <pieceOfFurniture catalogId='Blend Swap CC-BY#utensilsPot' name='Pot d&apos;ustensiles' creator='Oldtimer' model='33/utensilsPot.obj' x='900.1' y='-243.44044' elevation='83.0' angle='0.5235988' width='12.2' depth='11.1' height='40.2' modelSize='73044'/>
  <pieceOfFurniture catalogId='LucaPresidente#angolo160W' name='Etagère d&apos;angle 160' creator='LucaPresidente' model='35/angolo160W.obj' x='594.5' y='-135.68025' angle='3.1415927' width='45.0' depth='45.0' height='160.0' modelSize='47146'/>
  <pieceOfFurniture catalogId='Puybaret#HaiVanPassFrame' name='Cadre Col des nuages' creator='Emmanuel Puybaret' model='37/HaiVanPassFrame.obj' x='1399.0' y='201.75957' elevation='150.0' angle='1.5707964' width='77.2' depth='1.5' height='47.9' modelSize='21830'/>
  <pieceOfFurniture catalogId='Puybaret#ButterflyFrame' name='Cadre Papillon' creator='Emmanuel Puybaret' model='39/ButterflyFrame.obj' x='1398.95' y='-128.19043' elevation='150.0' angle='1.5707964' width='48.7' depth='1.6' height='47.9' modelSize='31221'/>
  <pieceOfFurniture catalogId='Blend Swap CC-BY#kitchenSink' name='Meuble évier' creator='Jay-Artist, Kator Legaz &amp; eTeks' model='41/kitchenSink.obj' x='919.19995' y='-404.88025' width='97.6' depth='61.6' height='97.6' modelSize='419051'/>
  <pieceOfFurniture catalogId='eTeks#sofa2' name='Canapé' creator='eTeks' model='43/sofa2.obj' x='1295.75' y='-354.43024' width='200.0' depth='86.5' height='88.0' modelSize='55383'/>
  <pieceOfFurniture catalogId='Scopia#maceta' name='Plante verte' creator='Scopia' model='45/maceta.obj' x='624.75' y='-72.24043' width='59.0' depth='65.0' height='58.0' modelSize='172389'/>
  <pieceOfFurniture catalogId='eTeks#coffeeTable' name='Table basse' creator='eTeks' model='47/coffeeTable.obj' x='1302.5' y='-247.99043' width='125.0' depth='46.0' height='40.0' modelSize='9814'/>
  <pieceOfFurniture catalogId='eTeks#armchair2' name='Fauteuil' creator='eTeks' model='49/armchair2.obj' x='1212.0' y='-159.94043' angle='3.9269907' width='80.0' depth='78.1' height='77.2' modelSize='33509'/>
  <pieceOfFurniture catalogId='Blend Swap CC-BY#kitchenLowerCabinet' name='Meuble bas' creator='Jay-Artist' model='51/kitchenLowerCabinet.obj' x='780.6001' y='-251.63298' angle='3.1415927' width='97.6' depth='61.6' height='87.8' modelSize='89976'/>
  <pieceOfFurniture catalogId='Blend Swap CC-BY#kitchenLowerCabinet' name='Meuble bas' creator='Jay-Artist' model='51/kitchenLowerCabinet.obj' x='878.2001' y='-252.19043' angle='3.1415927' width='97.6' depth='61.6' height='87.8' modelSize='89976'/>
  <pieceOfFurniture catalogId='Blend Swap CC-BY#kitchenSmallLowerCabinet' name='Meuble bas' creator='Jay-Artist' model='53/kitchenSmallLowerCabinet.obj' x='1133.2501' y='-270.19043' angle='3.1415927' width='48.7' depth='61.6' height='87.8' modelSize='63216'/>
  <pieceOfFurniture catalogId='Blend Swap CC-BY#kitchenChair' name='Chaise' creator='Cisco336' model='55/kitchenChair.obj' x='1015.5' y='-104.99043' width='43.0' depth='44.0' height='91.0' modelSize='231097'/>
  <pieceOfFurniture catalogId='Blend Swap CC-BY#kitchenChair' name='Chaise' creator='Cisco336' model='55/kitchenChair.obj' x='1011.5' y='-44.990433' angle='3.1415927' width='43.0' depth='44.0' height='91.0' modelSize='231097'/>
  <pieceOfFurniture catalogId='Blend Swap CC-BY#kitchenChair' name='Chaise' creator='Cisco336' model='55/kitchenChair.obj' x='1163.5' y='69.00957' width='43.0' depth='44.0' height='91.0' modelSize='231097'/>
  <pieceOfFurniture catalogId='Blend Swap CC-BY#kitchenChair' name='Chaise' creator='Cisco336' model='55/kitchenChair.obj' x='1159.5' y='129.00957' angle='3.1415927' width='43.0' depth='44.0' height='91.0' modelSize='231097'/>
  <pieceOfFurniture catalogId='Scopia#table-with-leaning-feet' name='Table' creator='Scopia' model='27/table-with-leaning-feet.obj' x='1161.0' y='100.50957' width='70.0' depth='71.0' height='75.0' modelSize='120504'/>
  <pieceOfFurniture catalogId='Blend Swap CC-BY#kitchenChair' name='Chaise' creator='Cisco336' model='55/kitchenChair.obj' x='1017.5' y='71.00957' width='43.0' depth='44.0' height='91.0' modelSize='231097'/>
  <pieceOfFurniture catalogId='Blend Swap CC-BY#kitchenChair' name='Chaise' creator='Cisco336' model='55/kitchenChair.obj' x='1013.5' y='131.00957' angle='3.1415927' width='43.0' depth='44.0' height='91.0' modelSize='231097'/>
  <pieceOfFurniture catalogId='Scopia#table-with-leaning-feet' name='Table' creator='Scopia' model='27/table-with-leaning-feet.obj' x='1015.0' y='102.50957' width='70.0' depth='71.0' height='75.0' modelSize='120504'/>
  <pieceOfFurniture catalogId='Reallusion#sitFemale03' name='Femme assise' creator='Reallusion' model='57/sitFemale03.obj' x='1260.7' y='-319.59045' width='49.4' depth='97.2' height='126.7' modelSize='625854'/>
  <pieceOfFurniture catalogId='Reallusion#sitMale02' name='Homme assis' creator='Reallusion' model='59/sitMale02.obj' x='1221.3' y='-167.44043' angle='3.9269907' width='62.6' depth='95.1' height='144.5' modelSize='597080'/>
  <pieceOfFurniture catalogId='Blend Swap CC-0#augalas' name='Plante' creator='MZiemys' model='25/augalas.obj' x='1160.45' y='108.459564' elevation='75.0' width='60.9' depth='34.9' height='31.5' modelSize='692668'/>
  <pieceOfFurniture catalogId='Blend Swap CC-BY#decorativePlant' name='Plante' creator='Nmn9' model='61/decorativePlant.obj' x='1380.8999' y='-208.89043' width='31.8' depth='32.2' height='60.6' modelSize='823583'/>
  <pieceOfFurniture catalogId='Blend Swap CC-BY#kitchenChair' name='Chaise' creator='Cisco336' model='55/kitchenChair.obj' x='1093.5' y='290.8194' angle='3.1415927' width='43.0' depth='44.0' height='91.0' modelSize='231097'/>
  <pieceOfFurniture catalogId='Blend Swap CC-BY#kitchenChair' name='Chaise' creator='Cisco336' model='55/kitchenChair.obj' x='992.5' y='290.81976' angle='3.1415927' width='43.0' depth='44.0' height='91.0' modelSize='231097'/>
  <pieceOfFurniture catalogId='Scopia#table-with-leaning-feet' name='Table' creator='Scopia' model='27/table-with-leaning-feet.obj' x='1043.0' y='257.3194' width='170.0' depth='65.0' height='75.0' modelSize='120504'/>
  <pieceOfFurniture catalogId='Blend Swap CC-BY#kitchenChair' name='Chaise' creator='Cisco336' model='55/kitchenChair.obj' x='991.5' y='215.00957' width='43.0' depth='44.0' height='91.0' modelSize='231097'/>
  <pieceOfFurniture catalogId='Blend Swap CC-BY#kitchenChair' name='Chaise' creator='Cisco336' model='55/kitchenChair.obj' x='1089.5' y='223.00957' width='43.0' depth='44.0' height='91.0' modelSize='231097'/>
  <pieceOfFurniture catalogId='Dingenskirchen#pinewoodRackLowHeight' name='Rack en pin hauteur basse' creator='Dingenskirchen' model='63/pinewoodRackLowHeight.obj' x='806.9' y='-23.890434' elevation='2.5' width='89.8' depth='30.2' height='56.5' modelSize='32025'/>
  <pieceOfFurniture catalogId='Dingenskirchen#pinewoodRackLowHeight' name='Rack en pin hauteur basse' creator='Dingenskirchen' model='63/pinewoodRackLowHeight.obj' x='806.9' y='6.3095703' elevation='2.5' width='89.8' depth='30.2' height='56.5' modelSize='32025'/>
  <pieceOfFurniture catalogId='Dingenskirchen#pinewoodRackLowHeight' name='Rack en pin hauteur basse' creator='Dingenskirchen' model='63/pinewoodRackLowHeight.obj' x='806.9' y='-49.890434' elevation='2.5' width='89.8' depth='30.2' height='56.5' modelSize='32025'/>
  <pieceOfFurniture catalogId='Scopia#table-with-leaning-feet' name='Table' creator='Scopia' model='27/table-with-leaning-feet.obj' x='871.0' y='256.50958' width='70.0' depth='71.0' height='75.0' modelSize='120504'/>
  <pieceOfFurniture catalogId='Blend Swap CC-BY#kitchenChair' name='Chaise' creator='Cisco336' model='55/kitchenChair.obj' x='873.5' y='225.00957' width='43.0' depth='44.0' height='91.0' modelSize='231097'/>
  <pieceOfFurniture catalogId='Blend Swap CC-BY#kitchenChair' name='Chaise' creator='Cisco336' model='55/kitchenChair.obj' x='869.5' y='285.00958' angle='3.1415927' width='43.0' depth='44.0' height='91.0' modelSize='231097'/>
  <pieceOfFurniture catalogId='Scopia#table-with-leaning-feet' name='Table' creator='Scopia' model='27/table-with-leaning-feet.obj' x='1213.0' y='258.50958' width='70.0' depth='71.0' height='75.0' modelSize='120504'/>
  <pieceOfFurniture catalogId='Blend Swap CC-BY#kitchenChair' name='Chaise' creator='Cisco336' model='55/kitchenChair.obj' x='1215.5' y='227.00957' width='43.0' depth='44.0' height='91.0' modelSize='231097'/>
  <pieceOfFurniture catalogId='Blend Swap CC-BY#kitchenChair' name='Chaise' creator='Cisco336' model='55/kitchenChair.obj' x='1211.5' y='287.00958' angle='3.1415927' width='43.0' depth='44.0' height='91.0' modelSize='231097'/>
  <pieceOfFurniture catalogId='Scopia#external-unity-air-conditioning' name='Air conditionné extérieur' creator='Scopia' model='65/external-unity-air-conditioning.obj' x='1364.55' y='334.51978' elevation='167.0' width='77.1' depth='28.4' height='54.2' modelSize='200893' movable='false'/>
  <pieceOfFurniture catalogId='eTeks#fridgeFreezer' name='Réfrigérateur / Congélateur' creator='eTeks' model='67/fridgeFreezer.obj' x='998.0' y='-402.68024' width='60.0' depth='66.0' height='185.0' color='00E0EED4' modelSize='26363'/>
  <pieceOfFurniture catalogId='Toomy#percolateur' name='Percolateur' creator='Toomy' model='69/percolateur.obj' x='1070.25' y='-403.7904' elevation='83.0' width='20.5' depth='30.4' height='27.9' modelSize='100041'/>
  <pieceOfFurniture catalogId='eTeks#dresser' name='Dressoir' creator='eTeks' model='21/dresser.obj' x='649.25' y='-146.74043' angle='4.712389' width='84.0' depth='48.0' height='64.7' modelSize='22106'/>
  <pieceOfFurniture catalogId='Dingenskirchen#pinewoodRackMediumHeight' name='Rack en pin hauteur moyenne' creator='Dingenskirchen' model='11/pinewoodRackMediumHeight.obj' x='670.15' y='-254.28026' width='89.8' depth='30.2' height='143.0' modelSize='33745'/>
  <doorOrWindow catalogId='Scopia#door' name='Porte' creator='Scopia' model='9/door.obj' x='727.09656' y='-381.10358' angle='1.5579765' width='96.0' depth='17.50075' height='210.0' modelSize='147289' movable='false' cutOutShape='M0,0 v1 h1 v-1 z' wallCutOutOnBothSides='true'/>
  <pieceOfFurniture catalogId='eTeks#dishwasher' name='Lave vaisselle' creator='eTeks' model='71/dishwasher.obj' x='1078.8999' y='-269.18024' angle='3.1415927' width='60.0' depth='65.0' height='85.0' modelSize='7169'/>
  <pieceOfFurniture catalogId='Blend Swap CC-BY#kitchenSmallLowerCabinet' name='Meuble bas' creator='Jay-Artist' model='53/kitchenSmallLowerCabinet.obj' x='951.35' y='-252.88026' angle='3.1415927' width='48.7' depth='61.6' height='87.8' modelSize='63216'/>
  <pieceOfFurniture catalogId='Blend Swap CC-BY#kitchenLowerCabinet' name='Meuble bas' creator='Jay-Artist' model='51/kitchenLowerCabinet.obj' x='1076.8' y='-404.88025' width='97.6' depth='61.6' height='87.8' modelSize='89976'/>
  <pieceOfFurniture catalogId='eTeks#cooker' name='Cuisinière' creator='eTeks' model='73/cooker.obj' x='1155.6' y='-404.68024' width='60.0' depth='62.0' height='85.0' modelSize='42013'/>
  <wall id='wall-eae047bd-5f3c-42c5-8635-bfe03beec523' wallAtEnd='wall-022fc232-6870-4d6f-b003-0d0f32973686' xStart='665.5' yStart='316.56976' xEnd='665.5' yEnd='142.56975' height='250.0' thickness='7.5' pattern='hatchUp'/>
  <wall id='wall-022fc232-6870-4d6f-b003-0d0f32973686' wallAtStart='wall-eae047bd-5f3c-42c5-8635-bfe03beec523' wallAtEnd='wall-23cd44b9-5d17-4593-9765-b6c217c2dc45' xStart='665.5' yStart='142.56975' xEnd='693.5' yEnd='142.56975' height='250.0' thickness='7.5' pattern='hatchUp'/>
  <wall id='wall-23cd44b9-5d17-4593-9765-b6c217c2dc45' wallAtStart='wall-022fc232-6870-4d6f-b003-0d0f32973686' xStart='693.5' yStart='142.56975' xEnd='693.5' yEnd='318.56976' height='250.0' thickness='7.5' pattern='hatchUp'/>
  <wall id='wall-efff59b7-05bc-4555-9b8a-150306519bc0' wallAtEnd='wall-d1780386-41eb-4ab6-bc3c-5ff0957c50f2' xStart='463.5' yStart='316.56976' xEnd='1403.5' yEnd='316.56976' height='250.0' thickness='7.5' pattern='hatchUp'/>
  <wall id='wall-d1780386-41eb-4ab6-bc3c-5ff0957c50f2' wallAtStart='wall-efff59b7-05bc-4555-9b8a-150306519bc0' wallAtEnd='wall-ea1e2041-7067-423b-92c7-8d2e70fd5661' xStart='1403.5' yStart='316.56976' xEnd='1403.5' yEnd='-439.43024' height='250.0' thickness='7.5' pattern='hatchUp'/>
  <wall id='wall-ea1e2041-7067-423b-92c7-8d2e70fd5661' wallAtStart='wall-d1780386-41eb-4ab6-bc3c-5ff0957c50f2' wallAtEnd='wall-ac140aa7-f870-4248-823b-ea037bdcd429' xStart='1403.5' yStart='-439.43024' xEnd='463.5' yEnd='-439.43024' height='250.0' thickness='7.5' pattern='hatchUp'/>
  <wall id='wall-ac140aa7-f870-4248-823b-ea037bdcd429' wallAtStart='wall-ea1e2041-7067-423b-92c7-8d2e70fd5661' xStart='463.5' yStart='-439.43024' xEnd='463.5' yEnd='312.56976' height='250.0' thickness='7.5' pattern='hatchUp'/>
  <wall id='wall-979d666b-f9ff-4123-bc30-63f794601811' wallAtEnd='wall-13999d40-e914-4274-a9e8-1046f86b9d96' xStart='463.5' yStart='-349.43024' xEnd='621.5' yEnd='-349.43024' height='250.0' thickness='7.5' pattern='hatchUp'/>
  <wall id='wall-13999d40-e914-4274-a9e8-1046f86b9d96' wallAtStart='wall-979d666b-f9ff-4123-bc30-63f794601811' wallAtEnd='wall-0f263d0b-14bd-44c9-a8ea-87a6e6792ea5' xStart='621.5' yStart='-349.43024' xEnd='621.5' yEnd='-109.43025' height='250.0' thickness='7.5' pattern='hatchUp'/>
  <wall id='wall-0f263d0b-14bd-44c9-a8ea-87a6e6792ea5' wallAtStart='wall-13999d40-e914-4274-a9e8-1046f86b9d96' xStart='621.5' yStart='-109.43025' xEnd='463.5' yEnd='-109.43025' height='250.0' thickness='7.5' pattern='hatchUp'/>
  <wall id='wall-fc7ac806-dc79-4465-bbfa-d78d7a42a1e6' wallAtEnd='wall-9b21c2d4-4110-4116-a687-781f249199a6' xStart='625.5' yStart='-235.43025' xEnd='731.5' yEnd='-235.43025' height='250.0' thickness='7.5' pattern='hatchUp'/>
  <wall id='wall-9b21c2d4-4110-4116-a687-781f249199a6' wallAtStart='wall-fc7ac806-dc79-4465-bbfa-d78d7a42a1e6' xStart='731.5' yStart='-235.43025' xEnd='727.5' yEnd='-435.43024' height='250.0' thickness='7.5' pattern='hatchUp'/>
  <wall id='wall-66a6cb54-5ce0-428f-b227-b719711fe1e3' wallAtEnd='wall-8120c74a-57fd-4466-8f6a-a392932ec563' xStart='1403.5' yStart='-439.43024' xEnd='1193.5' yEnd='-439.43024' height='250.0' thickness='7.5' pattern='hatchUp'/>
  <wall id='wall-8120c74a-57fd-4466-8f6a-a392932ec563' wallAtStart='wall-66a6cb54-5ce0-428f-b227-b719711fe1e3' wallAtEnd='wall-74176c92-ff6e-4d2d-b40d-a65684d33e29' xStart='1193.5' yStart='-439.43024' xEnd='1193.5' yEnd='-401.43024' height='250.0' thickness='7.5' pattern='hatchUp'/>
  <wall id='wall-74176c92-ff6e-4d2d-b40d-a65684d33e29' wallAtStart='wall-8120c74a-57fd-4466-8f6a-a392932ec563' wallAtEnd='wall-79929aee-eca3-47d4-8464-e11ef94d2381' xStart='1193.5' yStart='-401.43024' xEnd='1403.5' yEnd='-401.43024' height='250.0' thickness='7.5' pattern='hatchUp'/>
  <wall id='wall-79929aee-eca3-47d4-8464-e11ef94d2381' wallAtStart='wall-74176c92-ff6e-4d2d-b40d-a65684d33e29' xStart='1403.5' yStart='-401.43024' xEnd='1403.5' yEnd='-431.43024' height='250.0' thickness='7.5' pattern='hatchUp'/>
  <wall id='wall-194fda0c-d1cb-4b4b-87f1-ff200efea886' wallAtEnd='wall-74cad8f2-200e-4ec6-941d-39764bb09bef' xStart='959.5' yStart='-207.43025' xEnd='959.5' yEnd='-107.43025' height='250.0' thickness='7.5' pattern='hatchUp'/>
  <wall id='wall-74cad8f2-200e-4ec6-941d-39764bb09bef' wallAtStart='wall-194fda0c-d1cb-4b4b-87f1-ff200efea886' wallAtEnd='wall-8ee2049f-61d8-4ac9-9bb4-f6e82fdebb24' xStart='959.5' yStart='-107.43025' xEnd='931.5' yEnd='-107.43025' height='250.0' thickness='7.5' pattern='hatchUp'/>
  <wall id='wall-8ee2049f-61d8-4ac9-9bb4-f6e82fdebb24' wallAtStart='wall-74cad8f2-200e-4ec6-941d-39764bb09bef' wallAtEnd='wall-d637d2b6-bc16-487f-84db-1af51d4cedce' xStart='931.5' yStart='-107.43025' xEnd='931.5' yEnd='-211.43025' height='250.0' thickness='7.5' pattern='hatchUp'/>
  <wall id='wall-d637d2b6-bc16-487f-84db-1af51d4cedce' wallAtStart='wall-8ee2049f-61d8-4ac9-9bb4-f6e82fdebb24' xStart='931.5' yStart='-211.43025' xEnd='959.5' yEnd='-211.43025' height='250.0' thickness='7.5' pattern='hatchUp'/>
  <wall id='wall-eb28d143-fc5b-45bb-9cb4-a8787685a202' wallAtEnd='wall-c2417e17-8b7f-430f-93e6-9edb41e347af' xStart='959.5' yStart='214.56975' xEnd='959.5' yEnd='186.56975' height='250.0' thickness='7.5' pattern='hatchUp'/>
  <wall id='wall-c2417e17-8b7f-430f-93e6-9edb41e347af' wallAtStart='wall-eb28d143-fc5b-45bb-9cb4-a8787685a202' wallAtEnd='wall-249597b0-aa71-4ab8-9a09-e1099788b50c' xStart='959.5' yStart='186.56975' xEnd='917.5' yEnd='186.56975' height='250.0' thickness='7.5' pattern='hatchUp'/>
  <wall id='wall-249597b0-aa71-4ab8-9a09-e1099788b50c' wallAtStart='wall-c2417e17-8b7f-430f-93e6-9edb41e347af' wallAtEnd='wall-c83bf81a-7159-4e11-89fd-bdd1df9da319' xStart='917.5' yStart='186.56975' xEnd='917.5' yEnd='216.56975' height='250.0' thickness='7.5' pattern='hatchUp'/>
  <wall id='wall-c83bf81a-7159-4e11-89fd-bdd1df9da319' wallAtStart='wall-249597b0-aa71-4ab8-9a09-e1099788b50c' xStart='917.5' yStart='216.56975' xEnd='959.5' yEnd='216.56975' height='250.0' thickness='7.5' pattern='hatchUp'/>
  <wall id='wall-757f9dea-d8af-4340-8c08-32644d403220' wallAtEnd='wall-dcc2916a-8397-4e48-9eee-dc277294ced4' xStart='1293.5' yStart='302.73157' xEnd='1293.5' yEnd='216.73158' height='250.0' thickness='7.5' pattern='hatchUp'/>
  <wall id='wall-dcc2916a-8397-4e48-9eee-dc277294ced4' wallAtStart='wall-757f9dea-d8af-4340-8c08-32644d403220' wallAtEnd='wall-01c3ea1b-9865-46c6-93e9-bfa395ff6a79' xStart='1293.5' yStart='216.73158' xEnd='1403.5' yEnd='216.73158' height='250.0' thickness='7.5' pattern='hatchUp'/>
  <wall id='wall-01c3ea1b-9865-46c6-93e9-bfa395ff6a79' wallAtStart='wall-dcc2916a-8397-4e48-9eee-dc277294ced4' wallAtEnd='wall-e1486f57-39d7-4030-8f01-6b6b8f74fdab' xStart='1403.5' yStart='216.73158' xEnd='1403.5' yEnd='314.73157' height='250.0' thickness='7.5' pattern='hatchUp'/>
  <wall id='wall-e1486f57-39d7-4030-8f01-6b6b8f74fdab' wallAtStart='wall-01c3ea1b-9865-46c6-93e9-bfa395ff6a79' wallAtEnd='wall-a5928229-c59a-46f4-a27b-8f53f0fb3928' xStart='1403.5' yStart='314.73157' xEnd='1293.5' yEnd='314.73157' height='250.0' thickness='7.5' pattern='hatchUp'/>
  <wall id='wall-a5928229-c59a-46f4-a27b-8f53f0fb3928' wallAtStart='wall-e1486f57-39d7-4030-8f01-6b6b8f74fdab' xStart='1293.5' yStart='314.73157' xEnd='1293.5' yEnd='298.73157' height='250.0' thickness='7.5' pattern='hatchUp'/>
  <wall id='wall-d5d2f920-85f5-4238-a0e2-ec96cdb0ac59' xStart='1193.5' yStart='-439.43024' xEnd='1193.5' yEnd='-287.43024' height='250.0' thickness='7.5' pattern='hatchUp'/>
  <room id='room-0765307b-b9b7-4909-8ebb-02656bc05936' areaVisible='true' floorColor='00D7D7D7' ceilingVisible='false'>
    <point x='463.5' y='324.56976'/>
    <point x='1401.5' y='324.56976'/>
    <point x='1401.5' y='-431.43024'/>
    <point x='463.5' y='-431.43024'/>
    <point x='463.5' y='324.56976'/>
  </room>
  <room id='room-f3f5f6b6-7fcc-4928-b75f-179b3f3e4262' areaVisible='true' floorColor='FF9999A0' ceilingVisible='false'>
    <point x='463.5' y='-349.43024'/>
    <point x='619.5' y='-349.43024'/>
    <point x='625.5' y='-239.18025'/>
    <point x='727.6742' y='-239.18025'/>
    <point x='727.5' y='-439.43024'/>
    <point x='463.5' y='-439.43024'/>
    <point x='463.5' y='-349.43024'/>
  </room>
  <room id='room-bc4bc8b6-b375-431e-9f64-b099b04acc62' areaVisible='true' floorColor='FF9999A0' ceilingVisible='false'>
    <point x='619.5' y='-345.43024'/>
    <point x='619.5' y='-109.43025'/>
    <point x='463.5' y='-109.43025'/>
    <point x='463.5' y='-345.43024'/>
    <point x='619.5' y='-345.43024'/>
  </room>
  <room id='room-3904c135-4f76-4eaa-9bf1-e2459e9e09ae' areaVisible='true' floorColor='FF9999A0' ceilingVisible='false'>
    <point x='959.5' y='-239.50377'/>
    <point x='1349.5' y='-239.50377'/>
    <point x='1349.5' y='192.49623'/>
    <point x='963.25' y='192.49623'/>
    <point x='963.25' y='-239.50377'/>
  </room>
  <room id='room-2a5ae2c0-f746-474a-bf0d-1a230e302c6b' areaVisible='true' floorColor='FF9999A0' ceilingVisible='false'>
    <point x='727.5' y='-105.68025'/>
    <point x='1349.5' y='-105.68025'/>
    <point x='1349.5' y='312.31976'/>
    <point x='731.25' y='312.31976'/>
    <point x='727.5' y='-105.68025'/>
  </room>
</home>